text,favorited,favoriteCount,replyToSN,created,truncated,replyToSID,id,replyToUID,statusSource,screenName,retweetCount,isRetweet,retweeted,longitude,latitude,popups,description,image,location,city,country
Two lads out for a stroll - 3:33pm Avenyn https://t.co/BUH9XLKuwq,FALSE,167,NA,02/04/2017 17:56,FALSE,NA,8.49E+17,NA,"<a href=""https://ifttt.com"" rel=""nofollow"">IFTTT</a>",dogwatisaw,26,FALSE,FALSE,11.9747463,57.7006315,"<blockquote class=""twitter-tweet""><p lang=""en"" dir=""ltr"">Two lads out for a stroll - 3:33pm Avenyn <a href=""https://t.co/BUH9XLKuwq"">pic.twitter.com/BUH9XLKuwq</a></p>&mdash; DOG WAT I SAW (@dogwatisaw) <a href=""https://twitter.com/dogwatisaw/status/848595023063023616"">April 2, 2017</a></blockquote><script async src=""https://platform.twitter.com/widgets.js"" charset=""utf-8""></script>",Two lads out for a stroll,https://t.co/BUH9XLKuwq,Avenyn,Gothenburg,Sweden
Tiny weenie poodle pupper - 7:39pm Bar Centro https://t.co/iDOlurarNT,FALSE,107,NA,01/04/2017 10:54,FALSE,NA,8.48E+17,NA,"<a href=""https://ifttt.com"" rel=""nofollow"">IFTTT</a>",dogwatisaw,11,FALSE,FALSE,11.9700641,57.7054227,"<blockquote class=""twitter-tweet""><p lang=""en"" dir=""ltr"">Tiny weenie poodle pupper - 7:39pm Bar Centro <a href=""https://t.co/iDOlurarNT"">pic.twitter.com/iDOlurarNT</a></p>&mdash; DOG WAT I SAW (@dogwatisaw) <a href=""https://twitter.com/dogwatisaw/status/848126410703110144"">April 1, 2017</a></blockquote><script async src=""https://platform.twitter.com/widgets.js"" charset=""utf-8""></script>",Tiny weenie poodle pupper,https://t.co/iDOlurarNT,Bar Centro,Gothenburg,Sweden
FLOOF FOR DAYS! <U+2764> - 3:17pm Kungsportsplatsen https://t.co/TRkRsSIKks,FALSE,88,NA,31/03/2017 14:14,FALSE,NA,8.48E+17,NA,"<a href=""https://ifttt.com"" rel=""nofollow"">IFTTT</a>",dogwatisaw,13,FALSE,FALSE,11.9700551,57.7039442,"<blockquote class=""twitter-tweet""><p lang=""de"" dir=""ltr"">FLOOF FOR DAYS! <U+2764> - 3:17pm Kungsportsplatsen <a href=""https://t.co/TRkRsSIKks"">pic.twitter.com/TRkRsSIKks</a></p>&mdash; DOG WAT I SAW (@dogwatisaw) <a href=""https://twitter.com/dogwatisaw/status/847814340053016576"">March 31, 2017</a></blockquote><script async src=""https://platform.twitter.com/widgets.js"" charset=""utf-8""></script>",FLOOF FOR DAYS! <U+2764>,https://t.co/TRkRsSIKks,Kungsportsplatsen,Gothenburg,Sweden
Little hobbly staffie. Keep on trucking pupper <ed><U+00A0><U+00BD><ed><U+00B8><U+00A2> - 9:26pm Avenyn https://t.co/H6Is7zbM4V,FALSE,163,NA,30/03/2017 11:59,FALSE,NA,8.47E+17,NA,"<a href=""https://ifttt.com"" rel=""nofollow"">IFTTT</a>",dogwatisaw,14,FALSE,FALSE,11.9747463,57.7006315,"<blockquote class=""twitter-tweet""><p lang=""en"" dir=""ltr"">Little hobbly staffie. Keep on trucking pupper <ed><U+00A0><U+00BD><ed><U+00B8><U+00A2> - 9:26pm Avenyn <a href=""https://t.co/H6Is7zbM4V"">pic.twitter.com/H6Is7zbM4V</a></p>&mdash; DOG WAT I SAW (@dogwatisaw) <a href=""https://twitter.com/dogwatisaw/status/847417968438804480"">March 30, 2017</a></blockquote><script async src=""https://platform.twitter.com/widgets.js"" charset=""utf-8""></script>",Little hobbly staffie. Keep on trucking pupper <U+653C><U+3E64><U+613C><U+3E30><U+623C><U+3E64><U+653C><U+3E64><U+623C><U+3E38><U+613C><U+3E32>,https://t.co/H6Is7zbM4V,Avenyn,Gothenburg,Sweden
Doggo fed up with this shit. Fight the power pup pup! - 2:32pm Avenyn https://t.co/eSmTmFpWCp,FALSE,165,NA,29/03/2017 10:50,FALSE,NA,8.47E+17,NA,"<a href=""https://ifttt.com"" rel=""nofollow"">IFTTT</a>",dogwatisaw,37,FALSE,FALSE,11.9747463,57.7006315,"<blockquote class=""twitter-tweet""><p lang=""en"" dir=""ltr"">Doggo fed up with this shit. Fight the power pup pup! - 2:32pm Avenyn <a href=""https://t.co/eSmTmFpWCp"">pic.twitter.com/eSmTmFpWCp</a></p>&mdash; DOG WAT I SAW (@dogwatisaw) <a href=""https://twitter.com/dogwatisaw/status/847038200833081344"">March 29, 2017</a></blockquote><script async src=""https://platform.twitter.com/widgets.js"" charset=""utf-8""></script>",Doggo fed up with this shit. Fight the power pup pup!,https://t.co/eSmTmFpWCp,Avenyn,Gothenburg,Sweden
Mini yorkie being cradled by a punk - 2:01pm Little London https://t.co/Se8F8vyj6V,TRUE,159,NA,28/03/2017 11:08,FALSE,NA,8.47E+17,NA,"<a href=""https://ifttt.com"" rel=""nofollow"">IFTTT</a>",dogwatisaw,25,FALSE,FALSE,11.9744487,57.7004095,"<blockquote class=""twitter-tweet""><p lang=""en"" dir=""ltr"">Mini yorkie being cradled by a punk - 2:01pm Little London <a href=""https://t.co/Se8F8vyj6V"">pic.twitter.com/Se8F8vyj6V</a></p>&mdash; DOG WAT I SAW (@dogwatisaw) <a href=""https://twitter.com/dogwatisaw/status/846680375019687938"">March 28, 2017</a></blockquote><script async src=""https://platform.twitter.com/widgets.js"" charset=""utf-8""></script>",Mini yorkie being cradled by a punk,https://t.co/Se8F8vyj6V,Little London,Gothenburg,Sweden
Tiny pupper holding onto a shoe whilst he rode the bus <ed><U+00A0><U+00BD><ed><U+00B8><U+008D> - 1:40pm Utlandagatan https://t.co/c484Hiem2M,FALSE,212,NA,27/03/2017 11:53,FALSE,NA,8.46E+17,NA,"<a href=""https://ifttt.com"" rel=""nofollow"">IFTTT</a>",dogwatisaw,31,FALSE,FALSE,11.990773,57.6879868,"<blockquote class=""twitter-tweet""><p lang=""en"" dir=""ltr"">Tiny pupper holding onto a shoe whilst he rode the bus <ed><U+00A0><U+00BD><ed><U+00B8><U+008D> - 1:40pm Utlandagatan <a href=""https://t.co/c484Hiem2M"">pic.twitter.com/c484Hiem2M</a></p>&mdash; DOG WAT I SAW (@dogwatisaw) <a href=""https://twitter.com/dogwatisaw/status/846329325779607552"">March 27, 2017</a></blockquote><script async src=""https://platform.twitter.com/widgets.js"" charset=""utf-8""></script>",Tiny pupper holding onto a shoe whilst he rode the bus <U+653C><U+3E64><U+613C><U+3E30><U+623C><U+3E64><U+653C><U+3E64><U+623C><U+3E38><U+383C><U+3E64>,https://t.co/c484Hiem2M,Utlandagatan,Gothenburg,Sweden
Please restrain your puppo. Very bouncy - 2:03pm Magasinsgatan https://t.co/SsSCBIg7Y9,TRUE,180,NA,26/03/2017 11:31,FALSE,NA,8.46E+17,NA,"<a href=""https://ifttt.com"" rel=""nofollow"">IFTTT</a>",dogwatisaw,31,FALSE,FALSE,11.9626522,57.7033125,"<blockquote class=""twitter-tweet""><p lang=""en"" dir=""ltr"">Please restrain your puppo. Very bouncy - 2:03pm Magasinsgatan <a href=""https://t.co/SsSCBIg7Y9"">pic.twitter.com/SsSCBIg7Y9</a></p>&mdash; DOG WAT I SAW (@dogwatisaw) <a href=""https://twitter.com/dogwatisaw/status/845961329202647040"">March 26, 2017</a></blockquote><script async src=""https://platform.twitter.com/widgets.js"" charset=""utf-8""></script>",Please restrain your puppo. Very bouncy,https://t.co/SsSCBIg7Y9,Magasinsgatan,Gothenburg,Sweden
Magical borzoi boy - 11:48am Slottskogen https://t.co/rIpxqOzghr,TRUE,153,NA,25/03/2017 14:06,FALSE,NA,8.46E+17,NA,"<a href=""https://ifttt.com"" rel=""nofollow"">IFTTT</a>",dogwatisaw,25,FALSE,FALSE,11.9485762,57.685996,"<blockquote class=""twitter-tweet""><p lang=""und"" dir=""ltr"">Magical borzoi boy - 11:48am Slottskogen <a href=""https://t.co/rIpxqOzghr"">pic.twitter.com/rIpxqOzghr</a></p>&mdash; DOG WAT I SAW (@dogwatisaw) <a href=""https://twitter.com/dogwatisaw/status/845638134335508480"">March 25, 2017</a></blockquote><script async src=""https://platform.twitter.com/widgets.js"" charset=""utf-8""></script>",Magical borzoi boy,https://t.co/rIpxqOzghr,Slottskogen,Gothenburg,Sweden
Papillon nervous to poo in public - 2:14pm Näckrosdammen https://t.co/FgWzhlHeNG,FALSE,70,NA,24/03/2017 12:34,FALSE,NA,8.45E+17,NA,"<a href=""https://ifttt.com"" rel=""nofollow"">IFTTT</a>",dogwatisaw,11,FALSE,FALSE,11.9830265,57.6948972,"<blockquote class=""twitter-tweet""><p lang=""de"" dir=""ltr"">Papillon nervous to poo in public - 2:14pm Näckrosdammen <a href=""https://t.co/FgWzhlHeNG"">pic.twitter.com/FgWzhlHeNG</a></p>&mdash; DOG WAT I SAW (@dogwatisaw) <a href=""https://twitter.com/dogwatisaw/status/845252427322318849"">March 24, 2017</a></blockquote><script async src=""https://platform.twitter.com/widgets.js"" charset=""utf-8""></script>",Papillon nervous to poo in public,https://t.co/FgWzhlHeNG,Nackrosdammen,Gothenburg,Sweden
A big swishy boy out for an evening stroll - 6:09pm Eklandagatan https://t.co/aClB02dyvh,TRUE,194,NA,23/03/2017 12:57,FALSE,NA,8.45E+17,NA,"<a href=""https://ifttt.com"" rel=""nofollow"">IFTTT</a>",dogwatisaw,36,FALSE,FALSE,11.9878633,57.6912582,"<blockquote class=""twitter-tweet""><p lang=""en"" dir=""ltr"">A big swishy boy out for an evening stroll - 6:09pm Eklandagatan <a href=""https://t.co/aClB02dyvh"">pic.twitter.com/aClB02dyvh</a></p>&mdash; DOG WAT I SAW (@dogwatisaw) <a href=""https://twitter.com/dogwatisaw/status/844895866133659649"">March 23, 2017</a></blockquote><script async src=""https://platform.twitter.com/widgets.js"" charset=""utf-8""></script>",A big swishy boy out for an evening stroll,https://t.co/aClB02dyvh,Eklandagatan,Gothenburg,Sweden
The when you're ignoring you're largest fear - 11:21am Vasaparken https://t.co/E5gYwgvfqx,FALSE,135,NA,22/03/2017 12:53,FALSE,NA,8.45E+17,NA,"<a href=""https://ifttt.com"" rel=""nofollow"">IFTTT</a>",dogwatisaw,18,FALSE,FALSE,11.972084,57.6977732,"<blockquote class=""twitter-tweet""><p lang=""en"" dir=""ltr"">The when you&#39;re ignoring you&#39;re largest fear - 11:21am Vasaparken <a href=""https://t.co/E5gYwgvfqx"">pic.twitter.com/E5gYwgvfqx</a></p>&mdash; DOG WAT I SAW (@dogwatisaw) <a href=""https://twitter.com/dogwatisaw/status/844532392941506561"">March 22, 2017</a></blockquote><script async src=""https://platform.twitter.com/widgets.js"" charset=""utf-8""></script>",The when you're ignoring you're largest fear,https://t.co/E5gYwgvfqx,Vasaparken,Gothenburg,Sweden
A meeting of minds - 11:57am Slottsskogen https://t.co/PYuQPdh4mE,FALSE,105,NA,21/03/2017 11:53,FALSE,NA,8.44E+17,NA,"<a href=""https://ifttt.com"" rel=""nofollow"">IFTTT</a>",dogwatisaw,27,FALSE,FALSE,11.9485762,57.685996,"<blockquote class=""twitter-tweet""><p lang=""nl"" dir=""ltr"">A meeting of minds - 11:57am Slottsskogen <a href=""https://t.co/PYuQPdh4mE"">pic.twitter.com/PYuQPdh4mE</a></p>&mdash; DOG WAT I SAW (@dogwatisaw) <a href=""https://twitter.com/dogwatisaw/status/844155067611725824"">March 21, 2017</a></blockquote><script async src=""https://platform.twitter.com/widgets.js"" charset=""utf-8""></script>",A meeting of minds,https://t.co/PYuQPdh4mE,Slottsskogen,Gothenburg,Sweden
Two westies taking a man for a walk - 1:07pm Haga https://t.co/9coilNir9k,TRUE,163,NA,20/03/2017 12:01,FALSE,NA,8.44E+17,NA,"<a href=""https://ifttt.com"" rel=""nofollow"">IFTTT</a>",dogwatisaw,31,FALSE,FALSE,11.9563423,57.698553,"<blockquote class=""twitter-tweet""><p lang=""en"" dir=""ltr"">Two westies taking a man for a walk - 1:07pm Haga <a href=""https://t.co/9coilNir9k"">pic.twitter.com/9coilNir9k</a></p>&mdash; DOG WAT I SAW (@dogwatisaw) <a href=""https://twitter.com/dogwatisaw/status/843794725152964608"">March 20, 2017</a></blockquote><script async src=""https://platform.twitter.com/widgets.js"" charset=""utf-8""></script>",Two westies taking a man for a walk,https://t.co/9coilNir9k,Haga,Gothenburg,Sweden
Two lads chomping on the allotment - 11:38am Eklandagatan https://t.co/8IiE2wEYTl,FALSE,122,NA,19/03/2017 11:05,FALSE,NA,8.43E+17,NA,"<a href=""https://ifttt.com"" rel=""nofollow"">IFTTT</a>",dogwatisaw,14,FALSE,FALSE,11.9878633,57.6912582,"<blockquote class=""twitter-tweet""><p lang=""en"" dir=""ltr"">Two lads chomping on the allotment - 11:38am Eklandagatan <a href=""https://t.co/8IiE2wEYTl"">pic.twitter.com/8IiE2wEYTl</a></p>&mdash; DOG WAT I SAW (@dogwatisaw) <a href=""https://twitter.com/dogwatisaw/status/843418067275341826"">March 19, 2017</a></blockquote><script async src=""https://platform.twitter.com/widgets.js"" charset=""utf-8""></script>",Two lads chomping on the allotment,https://t.co/8IiE2wEYTl,Eklandagatan,Gothenburg,Sweden
Lil bootie boy on the boat - 12:43pm Stenpiren https://t.co/g0pU4pCOGA,TRUE,156,NA,18/03/2017 15:49,FALSE,NA,8.43E+17,NA,"<a href=""https://ifttt.com"" rel=""nofollow"">IFTTT</a>",dogwatisaw,26,FALSE,FALSE,11.9575737,57.7063621,"<blockquote class=""twitter-tweet""><p lang=""en"" dir=""ltr"">Lil bootie boy on the boat - 12:43pm Stenpiren <a href=""https://t.co/g0pU4pCOGA"">pic.twitter.com/g0pU4pCOGA</a></p>&mdash; DOG WAT I SAW (@dogwatisaw) <a href=""https://twitter.com/dogwatisaw/status/843127271393320960"">March 18, 2017</a></blockquote><script async src=""https://platform.twitter.com/widgets.js"" charset=""utf-8""></script>",Lil bootie boy on the boat,https://t.co/g0pU4pCOGA,Stenpiren,Gothenburg,Sweden
This boy is just checking you're doing ok. Thanks you for caring pup pup <ed><U+00A0><U+00BD><ed><U+00B2><U+0096> - 7:13pm Avenyn https://t.co/DH9UQ0ZDpB,FALSE,248,NA,16/03/2017 12:08,FALSE,NA,8.42E+17,NA,"<a href=""https://ifttt.com"" rel=""nofollow"">IFTTT</a>",dogwatisaw,57,FALSE,FALSE,11.9747463,57.7006315,"<blockquote class=""twitter-tweet""><p lang=""en"" dir=""ltr"">This boy is just checking you&#39;re doing ok. Thanks you for caring pup pup <ed><U+00A0><U+00BD><ed><U+00B2><U+0096> - 7:13pm Avenyn <a href=""https://t.co/DH9UQ0ZDpB"">pic.twitter.com/DH9UQ0ZDpB</a></p>&mdash; DOG WAT I SAW (@dogwatisaw) <a href=""https://twitter.com/dogwatisaw/status/842346881661435904"">March 16, 2017</a></blockquote><script async src=""https://platform.twitter.com/widgets.js"" charset=""utf-8""></script>",This boy is just checking you're doing ok. Thanks you for caring pup pup <U+653C><U+3E64><U+613C><U+3E30><U+623C><U+3E64><U+653C><U+3E64><U+623C><U+3E32><U+393C><U+3E36>,https://t.co/DH9UQ0ZDpB,Avenyn,Gothenburg,Sweden
Got spotted by a pupper <ed><U+00A0><U+00BD><ed><U+00B1><U+0080> - 12:57pm Nordstan https://t.co/b546h2HNpF,FALSE,191,NA,15/03/2017 11:49,FALSE,NA,8.42E+17,NA,"<a href=""https://ifttt.com"" rel=""nofollow"">IFTTT</a>",dogwatisaw,17,FALSE,FALSE,11.9691425,57.7087091,"<blockquote class=""twitter-tweet""><p lang=""en"" dir=""ltr"">Got spotted by a pupper <ed><U+00A0><U+00BD><ed><U+00B1><U+0080> - 12:57pm Nordstan <a href=""https://t.co/b546h2HNpF"">pic.twitter.com/b546h2HNpF</a></p>&mdash; DOG WAT I SAW (@dogwatisaw) <a href=""https://twitter.com/dogwatisaw/status/841979706798952448"">March 15, 2017</a></blockquote><script async src=""https://platform.twitter.com/widgets.js"" charset=""utf-8""></script>",Got spotted by a pupper <U+653C><U+3E64><U+613C><U+3E30><U+623C><U+3E64><U+653C><U+3E64><U+623C><U+3E31><U+383C><U+3E30>,https://t.co/b546h2HNpF,Nordstan,Gothenburg,Sweden
Big fluffer getting ahead of himself - 12:56pm Haga https://t.co/qlSOwbFOV3,FALSE,154,NA,14/03/2017 12:00,FALSE,NA,8.42E+17,NA,"<a href=""https://ifttt.com"" rel=""nofollow"">IFTTT</a>",dogwatisaw,29,FALSE,FALSE,11.9563423,57.698553,"<blockquote class=""twitter-tweet""><p lang=""en"" dir=""ltr"">Big fluffer getting ahead of himself - 12:56pm Haga <a href=""https://t.co/qlSOwbFOV3"">pic.twitter.com/qlSOwbFOV3</a></p>&mdash; DOG WAT I SAW (@dogwatisaw) <a href=""https://twitter.com/dogwatisaw/status/841619960183046144"">March 14, 2017</a></blockquote><script async src=""https://platform.twitter.com/widgets.js"" charset=""utf-8""></script>",Big fluffer getting ahead of himself,https://t.co/qlSOwbFOV3,Haga,Gothenburg,Sweden
Pupper very wanted to do a smell - 12:01pm Skansen Kronan https://t.co/GgYq78apHF,FALSE,163,NA,13/03/2017 13:41,FALSE,NA,8.41E+17,NA,"<a href=""https://ifttt.com"" rel=""nofollow"">IFTTT</a>",dogwatisaw,27,FALSE,FALSE,11.9553758,57.6959716,"<blockquote class=""twitter-tweet""><p lang=""en"" dir=""ltr"">Pupper very wanted to do a smell - 12:01pm Skansen Kronan <a href=""https://t.co/GgYq78apHF"">pic.twitter.com/GgYq78apHF</a></p>&mdash; DOG WAT I SAW (@dogwatisaw) <a href=""https://twitter.com/dogwatisaw/status/841283163288670208"">March 13, 2017</a></blockquote><script async src=""https://platform.twitter.com/widgets.js"" charset=""utf-8""></script>",Pupper very wanted to do a smell,https://t.co/GgYq78apHF,Skansen Kronan,Gothenburg,Sweden
Smol - Risåsgatan https://t.co/UpJNai7ynr,FALSE,103,NA,12/03/2017 18:22,FALSE,NA,8.41E+17,NA,"<a href=""https://ifttt.com"" rel=""nofollow"">IFTTT</a>",dogwatisaw,20,FALSE,FALSE,11.9556846,57.6945604,"<blockquote class=""twitter-tweet""><p lang=""fi"" dir=""ltr"">Smol - Risåsgatan <a href=""https://t.co/UpJNai7ynr"">pic.twitter.com/UpJNai7ynr</a></p>&mdash; DOG WAT I SAW (@dogwatisaw) <a href=""https://twitter.com/dogwatisaw/status/840991427412799489"">March 12, 2017</a></blockquote><script async src=""https://platform.twitter.com/widgets.js"" charset=""utf-8""></script>",Smol,https://t.co/UpJNai7ynr,Risasgatan,Gothenburg,Sweden
Ski doggo checking out the slopes - 4pm Romme Alpin https://t.co/6xVHBl4asI,FALSE,120,NA,11/03/2017 19:16,FALSE,NA,8.41E+17,NA,"<a href=""https://ifttt.com"" rel=""nofollow"">IFTTT</a>",dogwatisaw,25,FALSE,FALSE,15.383072,60.391737,"<blockquote class=""twitter-tweet""><p lang=""en"" dir=""ltr"">Ski doggo checking out the slopes - 4pm Romme Alpin <a href=""https://t.co/6xVHBl4asI"">pic.twitter.com/6xVHBl4asI</a></p>&mdash; DOG WAT I SAW (@dogwatisaw) <a href=""https://twitter.com/dogwatisaw/status/840642683005751299"">March 11, 2017</a></blockquote><script async src=""https://platform.twitter.com/widgets.js"" charset=""utf-8""></script>",Ski doggo checking out the slopes,https://t.co/6xVHBl4asI,Romme Alpin,Gothenburg,Sweden
Two lads going for a shop - 12:23pm Nordstan https://t.co/EHCVfuIKVy,FALSE,179,NA,10/03/2017 12:32,FALSE,NA,8.40E+17,NA,"<a href=""https://ifttt.com"" rel=""nofollow"">IFTTT</a>",dogwatisaw,31,FALSE,FALSE,11.9691425,57.7087091,"<blockquote class=""twitter-tweet""><p lang=""en"" dir=""ltr"">Two lads going for a shop - 12:23pm Nordstan <a href=""https://t.co/EHCVfuIKVy"">pic.twitter.com/EHCVfuIKVy</a></p>&mdash; DOG WAT I SAW (@dogwatisaw) <a href=""https://twitter.com/dogwatisaw/status/840178641015361538"">March 10, 2017</a></blockquote><script async src=""https://platform.twitter.com/widgets.js"" charset=""utf-8""></script>",Two lads going for a shop,https://t.co/EHCVfuIKVy,Nordstan,Gothenburg,Sweden
Scruffy boy not enjoying the cold <U+2744><U+FE0F>- 8:46pm Avenyn https://t.co/xr9UvoNbbq,FALSE,134,NA,08/03/2017 18:21,FALSE,NA,8.40E+17,NA,"<a href=""https://ifttt.com"" rel=""nofollow"">IFTTT</a>",dogwatisaw,21,FALSE,FALSE,11.9747463,57.7006315,"<blockquote class=""twitter-tweet""><p lang=""en"" dir=""ltr"">Scruffy boy not enjoying the cold <U+2744><U+FE0F>- 8:46pm Avenyn <a href=""https://t.co/xr9UvoNbbq"">pic.twitter.com/xr9UvoNbbq</a></p>&mdash; DOG WAT I SAW (@dogwatisaw) <a href=""https://twitter.com/dogwatisaw/status/839541559725080583"">March 8, 2017</a></blockquote><script async src=""https://platform.twitter.com/widgets.js"" charset=""utf-8""></script>",Scruffy boy not enjoying the cold <U+2744><U+FE0F>- 8:46pm Avenyn https://t.co/xr9UvoNbbq,https://t.co/xr9UvoNbbq,Avenyn,Gothenburg,Sweden
Snuffly boy smelling the stuff - 2:08pm Eklandagatan https://t.co/j8eCoziytb,FALSE,164,NA,07/03/2017 11:51,FALSE,NA,8.39E+17,NA,"<a href=""https://ifttt.com"" rel=""nofollow"">IFTTT</a>",dogwatisaw,24,FALSE,FALSE,11.9878633,57.6912582,"<blockquote class=""twitter-tweet""><p lang=""en"" dir=""ltr"">Snuffly boy smelling the stuff - 2:08pm Eklandagatan <a href=""https://t.co/j8eCoziytb"">pic.twitter.com/j8eCoziytb</a></p>&mdash; DOG WAT I SAW (@dogwatisaw) <a href=""https://twitter.com/dogwatisaw/status/839081119345750016"">March 7, 2017</a></blockquote><script async src=""https://platform.twitter.com/widgets.js"" charset=""utf-8""></script>",Snuffly boy smelling the stuff,https://t.co/j8eCoziytb,Eklandagatan,Gothenburg,Sweden
Tiny bouncing borker - 12:11pm Lundgrensgatan https://t.co/1sFkTeryWr,TRUE,145,NA,06/03/2017 12:27,FALSE,NA,8.39E+17,NA,"<a href=""https://ifttt.com"" rel=""nofollow"">IFTTT</a>",dogwatisaw,17,FALSE,FALSE,11.9860266,57.6948949,"<blockquote class=""twitter-tweet""><p lang=""en"" dir=""ltr"">Tiny bouncing borker - 12:11pm Lundgrensgatan <a href=""https://t.co/1sFkTeryWr"">pic.twitter.com/1sFkTeryWr</a></p>&mdash; DOG WAT I SAW (@dogwatisaw) <a href=""https://twitter.com/dogwatisaw/status/838727694644822019"">March 6, 2017</a></blockquote><script async src=""https://platform.twitter.com/widgets.js"" charset=""utf-8""></script>",Tiny bouncing borker,https://t.co/1sFkTeryWr,Lundgrensgatan,Gothenburg,Sweden
Big dog having a big a wee - 3:54pm Näckrosdammen https://t.co/JSPzFNNw2v,FALSE,78,NA,04/03/2017 12:05,FALSE,NA,8.38E+17,NA,"<a href=""https://ifttt.com"" rel=""nofollow"">IFTTT</a>",dogwatisaw,9,FALSE,FALSE,11.9830265,57.6948972,"<blockquote class=""twitter-tweet""><p lang=""sv"" dir=""ltr"">Big dog having a big a wee - 3:54pm Näckrosdammen <a href=""https://t.co/JSPzFNNw2v"">pic.twitter.com/JSPzFNNw2v</a></p>&mdash; DOG WAT I SAW (@dogwatisaw) <a href=""https://twitter.com/dogwatisaw/status/837997447016243200"">March 4, 2017</a></blockquote><script async src=""https://platform.twitter.com/widgets.js"" charset=""utf-8""></script>",Big dog having a big a wee,https://t.co/JSPzFNNw2v,Nackrosdammen,Gothenburg,Sweden
Free him - 6:47pm Magasinsgatan https://t.co/LyV02oeDI3,FALSE,124,NA,03/03/2017 13:05,FALSE,NA,8.38E+17,NA,"<a href=""https://ifttt.com"" rel=""nofollow"">IFTTT</a>",dogwatisaw,30,FALSE,FALSE,11.9626522,57.7033125,"<blockquote class=""twitter-tweet""><p lang=""tl"" dir=""ltr"">Free him - 6:47pm Magasinsgatan <a href=""https://t.co/LyV02oeDI3"">pic.twitter.com/LyV02oeDI3</a></p>&mdash; DOG WAT I SAW (@dogwatisaw) <a href=""https://twitter.com/dogwatisaw/status/837650256561078272"">March 3, 2017</a></blockquote><script async src=""https://platform.twitter.com/widgets.js"" charset=""utf-8""></script>",Free him,https://t.co/LyV02oeDI3,Magasinsgatan,Gothenburg,Sweden
Doggo on the hill - 8:12pm Vasaparken https://t.co/ywpVonUXNd,FALSE,98,NA,02/03/2017 13:06,FALSE,NA,8.37E+17,NA,"<a href=""https://ifttt.com"" rel=""nofollow"">IFTTT</a>",dogwatisaw,14,FALSE,FALSE,11.972084,57.6977732,"<blockquote class=""twitter-tweet""><p lang=""en"" dir=""ltr"">Doggo on the hill - 8:12pm Vasaparken <a href=""https://t.co/ywpVonUXNd"">pic.twitter.com/ywpVonUXNd</a></p>&mdash; DOG WAT I SAW (@dogwatisaw) <a href=""https://twitter.com/dogwatisaw/status/837287884071841792"">March 2, 2017</a></blockquote><script async src=""https://platform.twitter.com/widgets.js"" charset=""utf-8""></script>",Doggo on the hill,https://t.co/ywpVonUXNd,Vasaparken,Gothenburg,Sweden
Two poms wanting to go in different directions - 4:02pm Näckrosdammen https://t.co/h2sjJBeVYd,FALSE,106,NA,01/03/2017 13:05,FALSE,NA,8.37E+17,NA,"<a href=""https://ifttt.com"" rel=""nofollow"">IFTTT</a>",dogwatisaw,25,FALSE,FALSE,11.9830265,57.6948972,"<blockquote class=""twitter-tweet""><p lang=""de"" dir=""ltr"">Two poms wanting to go in different directions - 4:02pm Näckrosdammen <a href=""https://t.co/h2sjJBeVYd"">pic.twitter.com/h2sjJBeVYd</a></p>&mdash; DOG WAT I SAW (@dogwatisaw) <a href=""https://twitter.com/dogwatisaw/status/836925413456769024"">March 1, 2017</a></blockquote><script async src=""https://platform.twitter.com/widgets.js"" charset=""utf-8""></script>",Two poms wanting to go in different directions,https://t.co/h2sjJBeVYd,Nackrosdammen,Gothenburg,Sweden
Little free scampering Brussels Griffon. I <U+2764><U+FE0F> u! <ed><U+00A0><U+00BD><ed><U+00B8><U+008D>- 7:09pm Avenyn https://t.co/KY2N9dd9bv,TRUE,199,NA,28/02/2017 13:05,FALSE,NA,8.37E+17,NA,"<a href=""https://ifttt.com"" rel=""nofollow"">IFTTT</a>",dogwatisaw,37,FALSE,FALSE,11.9747463,57.7006315,"<blockquote class=""twitter-tweet""><p lang=""en"" dir=""ltr"">Little free scampering Brussels Griffon. I <U+2764><U+FE0F> u! <ed><U+00A0><U+00BD><ed><U+00B8><U+008D>- 7:09pm Avenyn <a href=""https://t.co/KY2N9dd9bv"">pic.twitter.com/KY2N9dd9bv</a></p>&mdash; DOG WAT I SAW (@dogwatisaw) <a href=""https://twitter.com/dogwatisaw/status/836563080918228995"">February 28, 2017</a></blockquote><script async src=""https://platform.twitter.com/widgets.js"" charset=""utf-8""></script>",Little free scampering Brussels Griffon. I <U+2764><U+FE0F> u! <ed><U+00A0><U+00BD><ed><U+00B8><U+008D>- 7:09pm Avenyn https://t.co/KY2N9dd9bv,https://t.co/KY2N9dd9bv,Avenyn,Gothenburg,Sweden
Spindly Italian greyhound heading to lunch. Doing a heckin fret - 12:12pm Lindholmsallén https://t.co/FqdkFKovLt,FALSE,147,NA,27/02/2017 13:05,FALSE,NA,8.36E+17,NA,"<a href=""https://ifttt.com"" rel=""nofollow"">IFTTT</a>",dogwatisaw,25,FALSE,FALSE,11.9419806,57.7106017,"<blockquote class=""twitter-tweet""><p lang=""en"" dir=""ltr"">Spindly Italian greyhound heading to lunch. Doing a heckin fret - 12:12pm Lindholmsallén <a href=""https://t.co/FqdkFKovLt"">pic.twitter.com/FqdkFKovLt</a></p>&mdash; DOG WAT I SAW (@dogwatisaw) <a href=""https://twitter.com/dogwatisaw/status/836200650191028224"">February 27, 2017</a></blockquote><script async src=""https://platform.twitter.com/widgets.js"" charset=""utf-8""></script>",Spindly Italian greyhound heading to lunch. Doing a heckin fret,https://t.co/FqdkFKovLt,Lindholmsallen,Gothenburg,Sweden
Somekind of poodle schnauzer mix. I don't know but it was terrific. <ed><U+00A0><U+00BD><ed><U+00B1><U+008D> - 9:33pm Avenyn https://t.co/pUfUPdLYGK,FALSE,167,NA,26/02/2017 12:05,FALSE,NA,8.36E+17,NA,"<a href=""https://ifttt.com"" rel=""nofollow"">IFTTT</a>",dogwatisaw,27,FALSE,FALSE,11.9747463,57.7006315,"<blockquote class=""twitter-tweet""><p lang=""en"" dir=""ltr"">Somekind of poodle schnauzer mix. I don&#39;t know but it was terrific. <ed><U+00A0><U+00BD><ed><U+00B1><U+008D> - 9:33pm Avenyn <a href=""https://t.co/pUfUPdLYGK"">pic.twitter.com/pUfUPdLYGK</a></p>&mdash; DOG WAT I SAW (@dogwatisaw) <a href=""https://twitter.com/dogwatisaw/status/835823141368827904"">February 26, 2017</a></blockquote><script async src=""https://platform.twitter.com/widgets.js"" charset=""utf-8""></script>",Somekind of poodle schnauzer mix. I don't know but it was terrific. <U+653C><U+3E64><U+613C><U+3E30><U+623C><U+3E64><U+653C><U+3E64><U+623C><U+3E31><U+383C><U+3E64>,https://t.co/pUfUPdLYGK,Avenyn,Gothenburg,Sweden
Fresh cut straight out of the salon bitch - 12:34pm Lindholmen Science Park https://t.co/JMAXvaW56F,FALSE,158,NA,25/02/2017 15:05,FALSE,NA,8.36E+17,NA,"<a href=""https://ifttt.com"" rel=""nofollow"">IFTTT</a>",dogwatisaw,34,FALSE,FALSE,11.9392741,57.7072024,"<blockquote class=""twitter-tweet""><p lang=""en"" dir=""ltr"">Fresh cut straight out of the salon bitch - 12:34pm Lindholmen Science Park <a href=""https://t.co/JMAXvaW56F"">pic.twitter.com/JMAXvaW56F</a></p>&mdash; DOG WAT I SAW (@dogwatisaw) <a href=""https://twitter.com/dogwatisaw/status/835506116108902400"">February 25, 2017</a></blockquote><script async src=""https://platform.twitter.com/widgets.js"" charset=""utf-8""></script>",Fresh cut straight out of the salon bitch,https://t.co/JMAXvaW56F,Lindholmen Science Park,Gothenburg,Sweden
Black labbo walking in the sun <ed><U+00A0><U+00BC><ed><U+00BC><U+009E> - 1:15pm Lindholmspiren https://t.co/4oxzxWmvZw,TRUE,210,NA,24/02/2017 15:00,FALSE,NA,8.35E+17,NA,"<a href=""https://ifttt.com"" rel=""nofollow"">IFTTT</a>",dogwatisaw,43,FALSE,FALSE,11.9406987,57.7075314,"<blockquote class=""twitter-tweet""><p lang=""en"" dir=""ltr"">Black labbo walking in the sun <ed><U+00A0><U+00BC><ed><U+00BC><U+009E> - 1:15pm Lindholmspiren <a href=""https://t.co/4oxzxWmvZw"">pic.twitter.com/4oxzxWmvZw</a></p>&mdash; DOG WAT I SAW (@dogwatisaw) <a href=""https://twitter.com/dogwatisaw/status/835142262023720960"">February 24, 2017</a></blockquote><script async src=""https://platform.twitter.com/widgets.js"" charset=""utf-8""></script>",Black labbo walking in the sun <U+653C><U+3E64><U+613C><U+3E30><U+623C><U+3E63><U+653C><U+3E64><U+623C><U+3E63><U+393C><U+3E65>,https://t.co/4oxzxWmvZw,Lindholmspiren,Gothenburg,Sweden
Nice Labrador in a beautiful coat of stars <ed><U+00A0><U+00BD><ed><U+00B8><U+008D> - 12:46pm Branäs https://t.co/8YcrGaYNoe,TRUE,202,NA,23/02/2017 12:20,FALSE,NA,8.35E+17,NA,"<a href=""https://ifttt.com"" rel=""nofollow"">IFTTT</a>",dogwatisaw,51,FALSE,FALSE,12.9512253,60.6547972,"<blockquote class=""twitter-tweet""><p lang=""en"" dir=""ltr"">Nice Labrador in a beautiful coat of stars <ed><U+00A0><U+00BD><ed><U+00B8><U+008D> - 12:46pm Branäs <a href=""https://t.co/8YcrGaYNoe"">pic.twitter.com/8YcrGaYNoe</a></p>&mdash; DOG WAT I SAW (@dogwatisaw) <a href=""https://twitter.com/dogwatisaw/status/834739702691483648"">February 23, 2017</a></blockquote><script async src=""https://platform.twitter.com/widgets.js"" charset=""utf-8""></script>",Nice Labrador in a beautiful coat of stars <U+653C><U+3E64><U+613C><U+3E30><U+623C><U+3E64><U+653C><U+3E64><U+623C><U+3E38><U+383C><U+3E64>,https://t.co/8YcrGaYNoe,Branas,Gothenburg,Sweden
Lil pupper shooting through the snow - 10:34am Branäs https://t.co/SW3cXhfUj1,FALSE,149,NA,22/02/2017 14:11,FALSE,NA,8.34E+17,NA,"<a href=""https://ifttt.com"" rel=""nofollow"">IFTTT</a>",dogwatisaw,17,FALSE,FALSE,12.9512253,60.6547972,"<blockquote class=""twitter-tweet""><p lang=""en"" dir=""ltr"">Lil pupper shooting through the snow - 10:34am Branäs <a href=""https://t.co/SW3cXhfUj1"">pic.twitter.com/SW3cXhfUj1</a></p>&mdash; DOG WAT I SAW (@dogwatisaw) <a href=""https://twitter.com/dogwatisaw/status/834405267735445508"">February 22, 2017</a></blockquote><script async src=""https://platform.twitter.com/widgets.js"" charset=""utf-8""></script>",Lil pupper shooting through the snow,https://t.co/SW3cXhfUj1,Branas,Gothenburg,Sweden
Crazy labbo chewing on his leash. Never be constrained doggo - 12:12pm Branäs https://t.co/FcYZmp4XJQ,TRUE,187,NA,21/02/2017 11:59,FALSE,NA,8.34E+17,NA,"<a href=""https://ifttt.com"" rel=""nofollow"">IFTTT</a>",dogwatisaw,37,FALSE,FALSE,12.9512253,60.6547972,"<blockquote class=""twitter-tweet""><p lang=""en"" dir=""ltr"">Crazy labbo chewing on his leash. Never be constrained doggo - 12:12pm Branäs <a href=""https://t.co/FcYZmp4XJQ"">pic.twitter.com/FcYZmp4XJQ</a></p>&mdash; DOG WAT I SAW (@dogwatisaw) <a href=""https://twitter.com/dogwatisaw/status/834009700677058560"">February 21, 2017</a></blockquote><script async src=""https://platform.twitter.com/widgets.js"" charset=""utf-8""></script>",Crazy labbo chewing on his leash. Never be constrained doggo,https://t.co/FcYZmp4XJQ,Branas,Gothenburg,Sweden
Little girl riding on a knee home. Later petted underneath a seat. V soft. - 2:08pm London Marylebone https://t.co/LEezclYcaL,FALSE,170,NA,19/02/2017 18:15,FALSE,NA,8.33E+17,NA,"<a href=""https://ifttt.com"" rel=""nofollow"">IFTTT</a>",dogwatisaw,18,FALSE,FALSE,-0.1498955,51.5188746,"<blockquote class=""twitter-tweet""><p lang=""en"" dir=""ltr"">Little girl riding on a knee home. Later petted underneath a seat. V soft. - 2:08pm London Marylebone <a href=""https://t.co/LEezclYcaL"">pic.twitter.com/LEezclYcaL</a></p>&mdash; DOG WAT I SAW (@dogwatisaw) <a href=""https://twitter.com/dogwatisaw/status/833379515732787201"">February 19, 2017</a></blockquote><script async src=""https://platform.twitter.com/widgets.js"" charset=""utf-8""></script>",Little girl riding on a knee home. Later petted underneath a seat. V soft.,https://t.co/LEezclYcaL,London Marylebone,London,United Kingdom
Sleepy boy on the district line - 12:03pm https://t.co/GAgcOTvF9M,FALSE,210,NA,18/02/2017 16:04,FALSE,NA,8.33E+17,NA,"<a href=""https://ifttt.com"" rel=""nofollow"">IFTTT</a>",dogwatisaw,28,FALSE,FALSE,-0.1277583,51.5073509,"<blockquote class=""twitter-tweet""><p lang=""en"" dir=""ltr"">Sleepy boy on the district line - 12:03pm <a href=""https://t.co/GAgcOTvF9M"">pic.twitter.com/GAgcOTvF9M</a></p>&mdash; DOG WAT I SAW (@dogwatisaw) <a href=""https://twitter.com/dogwatisaw/status/832984102823407616"">February 18, 2017</a></blockquote><script async src=""https://platform.twitter.com/widgets.js"" charset=""utf-8""></script>",Sleepy boy on the district line,https://t.co/GAgcOTvF9M,London,London,United Kingdom
Weimaraner very pleased with her scarf - 6:34pm Kungsportsplatsen https://t.co/dmCcLYItGu,FALSE,197,NA,17/02/2017 11:38,FALSE,NA,8.33E+17,NA,"<a href=""https://ifttt.com"" rel=""nofollow"">IFTTT</a>",dogwatisaw,31,FALSE,FALSE,11.9700551,57.7039442,"<blockquote class=""twitter-tweet""><p lang=""en"" dir=""ltr"">Weimaraner very pleased with her scarf - 6:34pm Kungsportsplatsen <a href=""https://t.co/dmCcLYItGu"">pic.twitter.com/dmCcLYItGu</a></p>&mdash; DOG WAT I SAW (@dogwatisaw) <a href=""https://twitter.com/dogwatisaw/status/832554850231713792"">February 17, 2017</a></blockquote><script async src=""https://platform.twitter.com/widgets.js"" charset=""utf-8""></script>",Weimaraner very pleased with her scarf,https://t.co/dmCcLYItGu,Kungsportsplatsen,Gothenburg,Sweden
"Doggo talking to the police. Careful pup pup, snitches get stitches <ed><U+00A0><U+00BD><ed><U+00B1><U+0080> - 8:23pm Centralstation https://t.co/6zl7FsSNZD",FALSE,238,NA,16/02/2017 13:24,FALSE,NA,8.32E+17,NA,"<a href=""https://ifttt.com"" rel=""nofollow"">IFTTT</a>",dogwatisaw,55,FALSE,FALSE,11.9730484,57.7090279,"<blockquote class=""twitter-tweet""><p lang=""en"" dir=""ltr"">Doggo talking to the police. Careful pup pup, snitches get stitches <ed><U+00A0><U+00BD><ed><U+00B1><U+0080> - 8:23pm Centralstation <a href=""https://t.co/6zl7FsSNZD"">pic.twitter.com/6zl7FsSNZD</a></p>&mdash; DOG WAT I SAW (@dogwatisaw) <a href=""https://twitter.com/dogwatisaw/status/832219031927156736"">February 16, 2017</a></blockquote><script async src=""https://platform.twitter.com/widgets.js"" charset=""utf-8""></script>","Doggo talking to the police. Careful pup pup, snitches get stitches <U+653C><U+3E64><U+613C><U+3E30><U+623C><U+3E64><U+653C><U+3E64><U+623C><U+3E31><U+383C><U+3E30>",https://t.co/6zl7FsSNZD,Centralstation,Gothenburg,Sweden
Little fluffy butt - 8:05pm Göteborgs Centralstation https://t.co/NXsHpb7yQN,FALSE,114,NA,15/02/2017 12:14,FALSE,NA,8.32E+17,NA,"<a href=""https://ifttt.com"" rel=""nofollow"">IFTTT</a>",dogwatisaw,26,FALSE,FALSE,11.9730484,57.7090279,"<blockquote class=""twitter-tweet""><p lang=""sv"" dir=""ltr"">Little fluffy butt - 8:05pm Göteborgs Centralstation <a href=""https://t.co/NXsHpb7yQN"">pic.twitter.com/NXsHpb7yQN</a></p>&mdash; DOG WAT I SAW (@dogwatisaw) <a href=""https://twitter.com/dogwatisaw/status/831839210625703937"">February 15, 2017</a></blockquote><script async src=""https://platform.twitter.com/widgets.js"" charset=""utf-8""></script>",Little fluffy butt,https://t.co/NXsHpb7yQN,Goteborgs Centralstation,Gothenburg,Sweden
Wee wedgie smelling the flowers - 10:22am Wimbledon Village https://t.co/fvrup46Ob0,FALSE,186,NA,13/02/2017 12:10,FALSE,NA,8.31E+17,NA,"<a href=""https://ifttt.com"" rel=""nofollow"">IFTTT</a>",dogwatisaw,27,FALSE,FALSE,-0.2206288,51.4183389,"<blockquote class=""twitter-tweet""><p lang=""en"" dir=""ltr"">Wee wedgie smelling the flowers - 10:22am Wimbledon Village <a href=""https://t.co/fvrup46Ob0"">pic.twitter.com/fvrup46Ob0</a></p>&mdash; DOG WAT I SAW (@dogwatisaw) <a href=""https://twitter.com/dogwatisaw/status/831113404286898176"">February 13, 2017</a></blockquote><script async src=""https://platform.twitter.com/widgets.js"" charset=""utf-8""></script>",Wee wedgie smelling the flowers,https://t.co/fvrup46Ob0,Wimbledon Village,Wimbledon Village,United Kingdom
Very handsome poodle - 5:45pm Avenyn https://t.co/4nHAZ589oW,FALSE,123,NA,12/02/2017 15:08,FALSE,NA,8.31E+17,NA,"<a href=""https://ifttt.com"" rel=""nofollow"">IFTTT</a>",dogwatisaw,21,FALSE,FALSE,11.9747463,57.7006315,"<blockquote class=""twitter-tweet""><p lang=""en"" dir=""ltr"">Very handsome poodle - 5:45pm Avenyn <a href=""https://t.co/4nHAZ589oW"">pic.twitter.com/4nHAZ589oW</a></p>&mdash; DOG WAT I SAW (@dogwatisaw) <a href=""https://twitter.com/dogwatisaw/status/830795704037679106"">February 12, 2017</a></blockquote><script async src=""https://platform.twitter.com/widgets.js"" charset=""utf-8""></script>",Very handsome poodle,https://t.co/4nHAZ589oW,Avenyn,Gothenburg,Sweden
Polar bear big boy - 4:24pm Kafé Magasinet https://t.co/NB2gX7JvJk,TRUE,232,NA,11/02/2017 14:37,FALSE,NA,8.30E+17,NA,"<a href=""https://ifttt.com"" rel=""nofollow"">IFTTT</a>",dogwatisaw,48,FALSE,FALSE,11.950717,57.698875,"<blockquote class=""twitter-tweet""><p lang=""en"" dir=""ltr"">Polar bear big boy - 4:24pm Kafé Magasinet <a href=""https://t.co/NB2gX7JvJk"">pic.twitter.com/NB2gX7JvJk</a></p>&mdash; DOG WAT I SAW (@dogwatisaw) <a href=""https://twitter.com/dogwatisaw/status/830425492272603136"">February 11, 2017</a></blockquote><script async src=""https://platform.twitter.com/widgets.js"" charset=""utf-8""></script>",Polar bear big boy,https://t.co/NB2gX7JvJk,Kafe Magasinet,Gothenburg,Sweden
Gentle old pupper who was so stumpy he was covered in snow. Was good by not weeing on the bus - 8:51am Götaplatsen https://t.co/MwFJbcB7dD,FALSE,206,NA,10/02/2017 12:16,FALSE,NA,8.30E+17,NA,"<a href=""https://ifttt.com"" rel=""nofollow"">IFTTT</a>",dogwatisaw,33,FALSE,FALSE,11.9791496,57.6972222,"<blockquote class=""twitter-tweet""><p lang=""en"" dir=""ltr"">Gentle old pupper who was so stumpy he was covered in snow. Was good by not weeing on the bus - 8:51am Götaplatsen <a href=""https://t.co/MwFJbcB7dD"">pic.twitter.com/MwFJbcB7dD</a></p>&mdash; DOG WAT I SAW (@dogwatisaw) <a href=""https://twitter.com/dogwatisaw/status/830027684323409920"">February 10, 2017</a></blockquote><script async src=""https://platform.twitter.com/widgets.js"" charset=""utf-8""></script>",Gentle old pupper who was so stumpy he was covered in snow. Was good by not weeing on the bus,https://t.co/MwFJbcB7dD,Gotaplatsen,Gothenburg,Sweden
"Wise, disgruntled red setter - 8:26am Haga https://t.co/wcJ7VWHAGV",FALSE,180,NA,08/02/2017 12:26,FALSE,NA,8.29E+17,NA,"<a href=""https://ifttt.com"" rel=""nofollow"">IFTTT</a>",dogwatisaw,23,FALSE,FALSE,11.9563423,57.698553,"<blockquote class=""twitter-tweet""><p lang=""en"" dir=""ltr"">Wise, disgruntled red setter - 8:26am Haga <a href=""https://t.co/wcJ7VWHAGV"">pic.twitter.com/wcJ7VWHAGV</a></p>&mdash; DOG WAT I SAW (@dogwatisaw) <a href=""https://twitter.com/dogwatisaw/status/829305412470046720"">February 8, 2017</a></blockquote><script async src=""https://platform.twitter.com/widgets.js"" charset=""utf-8""></script>","Wise, disgruntled red setter",https://t.co/wcJ7VWHAGV,Haga,Gothenburg,Sweden
Papillon with million mile per hour legs. Don't stop pup pup! - 8:43pm Vasaparken https://t.co/Cr8p1Wqoux,TRUE,212,NA,07/02/2017 14:34,FALSE,NA,8.29E+17,NA,"<a href=""https://ifttt.com"" rel=""nofollow"">IFTTT</a>",dogwatisaw,40,FALSE,FALSE,11.972084,57.6977732,"<blockquote class=""twitter-tweet""><p lang=""en"" dir=""ltr"">Papillon with million mile per hour legs. Don&#39;t stop pup pup! - 8:43pm Vasaparken <a href=""https://t.co/Cr8p1Wqoux"">pic.twitter.com/Cr8p1Wqoux</a></p>&mdash; DOG WAT I SAW (@dogwatisaw) <a href=""https://twitter.com/dogwatisaw/status/828975342438199296"">February 7, 2017</a></blockquote><script async src=""https://platform.twitter.com/widgets.js"" charset=""utf-8""></script>",Papillon with million mile per hour legs. Don't stop pup pup!,https://t.co/Cr8p1Wqoux,Vasaparken,Gothenburg,Sweden
Tiny potato getting off the boat - 8:35am Stenpiren https://t.co/aJZ55gnoCE,FALSE,177,NA,06/02/2017 11:46,FALSE,NA,8.29E+17,NA,"<a href=""https://ifttt.com"" rel=""nofollow"">IFTTT</a>",dogwatisaw,28,FALSE,FALSE,11.9575737,57.7063621,"<blockquote class=""twitter-tweet""><p lang=""en"" dir=""ltr"">Tiny potato getting off the boat - 8:35am Stenpiren <a href=""https://t.co/aJZ55gnoCE"">pic.twitter.com/aJZ55gnoCE</a></p>&mdash; DOG WAT I SAW (@dogwatisaw) <a href=""https://twitter.com/dogwatisaw/status/828570568442118144"">February 6, 2017</a></blockquote><script async src=""https://platform.twitter.com/widgets.js"" charset=""utf-8""></script>",Tiny potato getting off the boat,https://t.co/aJZ55gnoCE,Stenpiren,Gothenburg,Sweden
Pug pupper peeing in poles - 12:52pm Lindholmen https://t.co/WaV9Y9Qj4R,FALSE,119,NA,05/02/2017 13:29,FALSE,NA,8.28E+17,NA,"<a href=""https://ifttt.com"" rel=""nofollow"">IFTTT</a>",dogwatisaw,20,FALSE,FALSE,11.9382865,57.7077599,"<blockquote class=""twitter-tweet""><p lang=""en"" dir=""ltr"">Pug pupper peeing in poles - 12:52pm Lindholmen <a href=""https://t.co/WaV9Y9Qj4R"">pic.twitter.com/WaV9Y9Qj4R</a></p>&mdash; DOG WAT I SAW (@dogwatisaw) <a href=""https://twitter.com/dogwatisaw/status/828234119213641729"">February 5, 2017</a></blockquote><script async src=""https://platform.twitter.com/widgets.js"" charset=""utf-8""></script>",Pug pupper peeing in poles,https://t.co/WaV9Y9Qj4R,Lindholmen,Gothenburg,Sweden
"Maltese trying to fight a statue. It can't hear you and you won't win, you idiot! - 11:23am Avalon Hotel https://t.co/H05Holtba1",FALSE,165,NA,03/02/2017 12:44,FALSE,NA,8.27E+17,NA,"<a href=""https://ifttt.com"" rel=""nofollow"">IFTTT</a>",dogwatisaw,34,FALSE,FALSE,11.9682477,57.7039592,"<blockquote class=""twitter-tweet""><p lang=""en"" dir=""ltr"">Maltese trying to fight a statue. It can&#39;t hear you and you won&#39;t win, you idiot! - 11:23am Avalon Hotel <a href=""https://t.co/H05Holtba1"">pic.twitter.com/H05Holtba1</a></p>&mdash; DOG WAT I SAW (@dogwatisaw) <a href=""https://twitter.com/dogwatisaw/status/827498094162018305"">February 3, 2017</a></blockquote><script async src=""https://platform.twitter.com/widgets.js"" charset=""utf-8""></script>","Maltese trying to fight a statue. It can't hear you and you won't win, you idiot!",https://t.co/H05Holtba1,Avalon Hotel,Gothenburg,Sweden
"Very strong, big boofer, 10/10 - 8:17am Haga https://t.co/wl4UtQPR0t",FALSE,203,NA,02/02/2017 11:45,FALSE,NA,8.27E+17,NA,"<a href=""https://ifttt.com"" rel=""nofollow"">IFTTT</a>",dogwatisaw,52,FALSE,FALSE,11.9563423,57.698553,"<blockquote class=""twitter-tweet""><p lang=""en"" dir=""ltr"">Very strong, big boofer, 10/10 - 8:17am Haga <a href=""https://t.co/wl4UtQPR0t"">pic.twitter.com/wl4UtQPR0t</a></p>&mdash; DOG WAT I SAW (@dogwatisaw) <a href=""https://twitter.com/dogwatisaw/status/827120706861273088"">February 2, 2017</a></blockquote><script async src=""https://platform.twitter.com/widgets.js"" charset=""utf-8""></script>","Very strong, big boofer, 10/10",https://t.co/wl4UtQPR0t,Haga,Gothenburg,Sweden
Old doggo waiting for his human. I WOULD NEVER LEAVE YOU SWEET BOY!!! - 2:33pm Stenpiren https://t.co/6mvQCIxtRj,FALSE,236,NA,01/02/2017 11:50,FALSE,NA,8.27E+17,NA,"<a href=""https://ifttt.com"" rel=""nofollow"">IFTTT</a>",dogwatisaw,39,FALSE,FALSE,11.9575737,57.7063621,"<blockquote class=""twitter-tweet""><p lang=""en"" dir=""ltr"">Old doggo waiting for his human. I WOULD NEVER LEAVE YOU SWEET BOY!!! - 2:33pm Stenpiren <a href=""https://t.co/6mvQCIxtRj"">pic.twitter.com/6mvQCIxtRj</a></p>&mdash; DOG WAT I SAW (@dogwatisaw) <a href=""https://twitter.com/dogwatisaw/status/826759680726859776"">February 1, 2017</a></blockquote><script async src=""https://platform.twitter.com/widgets.js"" charset=""utf-8""></script>",Old doggo waiting for his human. I WOULD NEVER LEAVE YOU SWEET BOY!!!,https://t.co/6mvQCIxtRj,Stenpiren,Gothenburg,Sweden
"Rotty that had to get lifted off a ledge. Very handsome, very dumb, very good - 3:30pm Stenpiren https://t.co/n8odrQO8H6",FALSE,318,NA,31/01/2017 12:21,FALSE,NA,8.26E+17,NA,"<a href=""https://ifttt.com"" rel=""nofollow"">IFTTT</a>",dogwatisaw,78,FALSE,FALSE,11.9575737,57.7063621,"<blockquote class=""twitter-tweet""><p lang=""en"" dir=""ltr"">Rotty that had to get lifted off a ledge. Very handsome, very dumb, very good - 3:30pm Stenpiren <a href=""https://t.co/n8odrQO8H6"">pic.twitter.com/n8odrQO8H6</a></p>&mdash; DOG WAT I SAW (@dogwatisaw) <a href=""https://twitter.com/dogwatisaw/status/826404996128333826"">January 31, 2017</a></blockquote><script async src=""https://platform.twitter.com/widgets.js"" charset=""utf-8""></script>","Rotty that had to get lifted off a ledge. Very handsome, very dumb, very good",https://t.co/n8odrQO8H6,Stenpiren,Gothenburg,Sweden
Pug pupper tucked into a leather jacket - 4:21pm Kafé Magasinet https://t.co/UOBzLFbPRz,FALSE,175,NA,30/01/2017 12:28,FALSE,NA,8.26E+17,NA,"<a href=""https://ifttt.com"" rel=""nofollow"">IFTTT</a>",dogwatisaw,36,FALSE,FALSE,11.950717,57.698875,"<blockquote class=""twitter-tweet""><p lang=""en"" dir=""ltr"">Pug pupper tucked into a leather jacket - 4:21pm Kafé Magasinet <a href=""https://t.co/UOBzLFbPRz"">pic.twitter.com/UOBzLFbPRz</a></p>&mdash; DOG WAT I SAW (@dogwatisaw) <a href=""https://twitter.com/dogwatisaw/status/826044484014243843"">January 30, 2017</a></blockquote><script async src=""https://platform.twitter.com/widgets.js"" charset=""utf-8""></script>",Pug pupper tucked into a leather jacket,https://t.co/UOBzLFbPRz,Kafe Magasinet,Gothenburg,Sweden
Wet Labrador eating a stick. Would get moist petting again - 1:13pm Skansen Kronan https://t.co/zg0ucpm3xk,FALSE,226,NA,29/01/2017 17:04,FALSE,NA,8.26E+17,NA,"<a href=""https://ifttt.com"" rel=""nofollow"">IFTTT</a>",dogwatisaw,51,FALSE,FALSE,11.9553758,57.6959716,"<blockquote class=""twitter-tweet""><p lang=""en"" dir=""ltr"">Wet Labrador eating a stick. Would get moist petting again - 1:13pm Skansen Kronan <a href=""https://t.co/zg0ucpm3xk"">pic.twitter.com/zg0ucpm3xk</a></p>&mdash; DOG WAT I SAW (@dogwatisaw) <a href=""https://twitter.com/dogwatisaw/status/825751414832058368"">January 29, 2017</a></blockquote><script async src=""https://platform.twitter.com/widgets.js"" charset=""utf-8""></script>",Wet Labrador eating a stick. Would get moist petting again,https://t.co/zg0ucpm3xk,Skansen Kronan,Gothenburg,Sweden
Two toasties Boston terriers - 7:26pm Järntorget https://t.co/xlut9FLAdW,FALSE,112,NA,28/01/2017 14:53,FALSE,NA,8.25E+17,NA,"<a href=""https://ifttt.com"" rel=""nofollow"">IFTTT</a>",dogwatisaw,16,FALSE,FALSE,11.952228,57.6997869,"<blockquote class=""twitter-tweet""><p lang=""en"" dir=""ltr"">Two toasties Boston terriers - 7:26pm Järntorget <a href=""https://t.co/xlut9FLAdW"">pic.twitter.com/xlut9FLAdW</a></p>&mdash; DOG WAT I SAW (@dogwatisaw) <a href=""https://twitter.com/dogwatisaw/status/825356117156978690"">January 28, 2017</a></blockquote><script async src=""https://platform.twitter.com/widgets.js"" charset=""utf-8""></script>",Two toasties Boston terriers,https://t.co/xlut9FLAdW,Jarntorget,Gothenburg,Sweden
The brightest doggo in the darkest times - 10:12pm Avenyn https://t.co/sGmny5QaKn,FALSE,193,NA,27/01/2017 19:26,FALSE,NA,8.25E+17,NA,"<a href=""https://ifttt.com"" rel=""nofollow"">IFTTT</a>",dogwatisaw,53,FALSE,FALSE,11.9747463,57.7006315,"<blockquote class=""twitter-tweet""><p lang=""en"" dir=""ltr"">The brightest doggo in the darkest times - 10:12pm Avenyn <a href=""https://t.co/sGmny5QaKn"">pic.twitter.com/sGmny5QaKn</a></p>&mdash; DOG WAT I SAW (@dogwatisaw) <a href=""https://twitter.com/dogwatisaw/status/825062545639759876"">January 27, 2017</a></blockquote><script async src=""https://platform.twitter.com/widgets.js"" charset=""utf-8""></script>",The brightest doggo in the darkest times,https://t.co/sGmny5QaKn,Avenyn,Gothenburg,Sweden
Fluffball blowing in the wind - 7:11pm Magasinsgatan https://t.co/zcniEd5KGN,FALSE,232,NA,26/01/2017 18:34,FALSE,NA,8.25E+17,NA,"<a href=""https://ifttt.com"" rel=""nofollow"">IFTTT</a>",dogwatisaw,62,FALSE,FALSE,11.9626522,57.7033125,"<blockquote class=""twitter-tweet""><p lang=""en"" dir=""ltr"">Fluffball blowing in the wind - 7:11pm Magasinsgatan <a href=""https://t.co/zcniEd5KGN"">pic.twitter.com/zcniEd5KGN</a></p>&mdash; DOG WAT I SAW (@dogwatisaw) <a href=""https://twitter.com/dogwatisaw/status/824686890704105472"">January 26, 2017</a></blockquote><script async src=""https://platform.twitter.com/widgets.js"" charset=""utf-8""></script>",Fluffball blowing in the wind,https://t.co/zcniEd5KGN,Magasinsgatan,Gothenburg,Sweden
Curly pupper in a warm coat. Stay toasty my friend! - 6:21pm Magasinsgatan https://t.co/KLU2hsqH6B,FALSE,196,NA,24/01/2017 12:40,FALSE,NA,8.24E+17,NA,"<a href=""https://ifttt.com"" rel=""nofollow"">IFTTT</a>",dogwatisaw,50,FALSE,FALSE,11.9626522,57.7033125,"<blockquote class=""twitter-tweet""><p lang=""en"" dir=""ltr"">Curly pupper in a warm coat. Stay toasty my friend! - 6:21pm Magasinsgatan <a href=""https://t.co/KLU2hsqH6B"">pic.twitter.com/KLU2hsqH6B</a></p>&mdash; DOG WAT I SAW (@dogwatisaw) <a href=""https://twitter.com/dogwatisaw/status/823873123669987328"">January 24, 2017</a></blockquote><script async src=""https://platform.twitter.com/widgets.js"" charset=""utf-8""></script>",Curly pupper in a warm coat. Stay toasty my friend!,https://t.co/KLU2hsqH6B,Magasinsgatan,Gothenburg,Sweden
Three boggle-eyed boys - 4:48pm Kungsportsplatsen https://t.co/comIxVFtfQ,FALSE,168,NA,23/01/2017 14:45,FALSE,NA,8.24E+17,NA,"<a href=""https://ifttt.com"" rel=""nofollow"">IFTTT</a>",dogwatisaw,32,FALSE,FALSE,11.9700551,57.7039442,"<blockquote class=""twitter-tweet""><p lang=""en"" dir=""ltr"">Three boggle-eyed boys - 4:48pm Kungsportsplatsen <a href=""https://t.co/comIxVFtfQ"">pic.twitter.com/comIxVFtfQ</a></p>&mdash; DOG WAT I SAW (@dogwatisaw) <a href=""https://twitter.com/dogwatisaw/status/823542158720434177"">January 23, 2017</a></blockquote><script async src=""https://platform.twitter.com/widgets.js"" charset=""utf-8""></script>",Three boggle-eyed boys,https://t.co/comIxVFtfQ,Kungsportsplatsen,Gothenburg,Sweden
Chubby shibe barking at a man carrying some wood - 8:24am Vasaparken https://t.co/3gdNWd8vlD,FALSE,207,NA,22/01/2017 13:07,FALSE,NA,8.23E+17,NA,"<a href=""https://ifttt.com"" rel=""nofollow"">IFTTT</a>",dogwatisaw,41,FALSE,FALSE,11.972084,57.6977732,"<blockquote class=""twitter-tweet""><p lang=""en"" dir=""ltr"">Chubby shibe barking at a man carrying some wood - 8:24am Vasaparken <a href=""https://t.co/3gdNWd8vlD"">pic.twitter.com/3gdNWd8vlD</a></p>&mdash; DOG WAT I SAW (@dogwatisaw) <a href=""https://twitter.com/dogwatisaw/status/823155223669723136"">January 22, 2017</a></blockquote><script async src=""https://platform.twitter.com/widgets.js"" charset=""utf-8""></script>",Chubby shibe barking at a man carrying some wood,https://t.co/3gdNWd8vlD,Vasaparken,Gothenburg,Sweden
A good boy - 5:24pm Västra Hamngatan https://t.co/FYbnjYyKVt,FALSE,84,NA,21/01/2017 18:24,FALSE,NA,8.23E+17,NA,"<a href=""https://ifttt.com"" rel=""nofollow"">IFTTT</a>",dogwatisaw,19,FALSE,FALSE,11.9639249,57.704057,"<blockquote class=""twitter-tweet""><p lang=""et"" dir=""ltr"">A good boy - 5:24pm Västra Hamngatan <a href=""https://t.co/FYbnjYyKVt"">pic.twitter.com/FYbnjYyKVt</a></p>&mdash; DOG WAT I SAW (@dogwatisaw) <a href=""https://twitter.com/dogwatisaw/status/822872413121691648"">January 21, 2017</a></blockquote><script async src=""https://platform.twitter.com/widgets.js"" charset=""utf-8""></script>",A good boy,https://t.co/FYbnjYyKVt,Vastra Hamngatan,Gothenburg,Sweden
Stumpy Doberman - 9:02am Regnbågsgatan https://t.co/Jz8yy0TLVL,FALSE,66,NA,19/01/2017 12:32,FALSE,NA,8.22E+17,NA,"<a href=""https://ifttt.com"" rel=""nofollow"">IFTTT</a>",dogwatisaw,10,FALSE,FALSE,11.9447951,57.7102694,"<blockquote class=""twitter-tweet""><p lang=""sv"" dir=""ltr"">Stumpy Doberman - 9:02am Regnbågsgatan <a href=""https://t.co/Jz8yy0TLVL"">pic.twitter.com/Jz8yy0TLVL</a></p>&mdash; DOG WAT I SAW (@dogwatisaw) <a href=""https://twitter.com/dogwatisaw/status/822059229347454976"">January 19, 2017</a></blockquote><script async src=""https://platform.twitter.com/widgets.js"" charset=""utf-8""></script>",Stumpy Doberman,https://t.co/Jz8yy0TLVL,Regnbagsgatan,Gothenburg,Sweden
10 week old pupper scared of the outside but who loved shoes - 12:58pm Lindholmen Science Park https://t.co/ZXSXCMNSpq,FALSE,194,NA,18/01/2017 12:20,FALSE,NA,8.22E+17,NA,"<a href=""https://ifttt.com"" rel=""nofollow"">IFTTT</a>",dogwatisaw,39,FALSE,FALSE,11.9392741,57.7072024,"<blockquote class=""twitter-tweet""><p lang=""en"" dir=""ltr"">10 week old pupper scared of the outside but who loved shoes - 12:58pm Lindholmen Science Park <a href=""https://t.co/ZXSXCMNSpq"">pic.twitter.com/ZXSXCMNSpq</a></p>&mdash; DOG WAT I SAW (@dogwatisaw) <a href=""https://twitter.com/dogwatisaw/status/821693783016349697"">January 18, 2017</a></blockquote><script async src=""https://platform.twitter.com/widgets.js"" charset=""utf-8""></script>",10 week old pupper scared of the outside but who loved shoes,https://t.co/ZXSXCMNSpq,Lindholmen Science Park,Gothenburg,Sweden
Curly doggo with a light up collar. Guide us home safe! - 5:06pm Kungsportsplaten https://t.co/cJ9Wn8OjfP,FALSE,256,NA,17/01/2017 13:46,FALSE,NA,8.21E+17,NA,"<a href=""https://ifttt.com"" rel=""nofollow"">IFTTT</a>",dogwatisaw,43,FALSE,FALSE,11.9700551,57.7039442,"<blockquote class=""twitter-tweet""><p lang=""en"" dir=""ltr"">Curly doggo with a light up collar. Guide us home safe! - 5:06pm Kungsportsplaten <a href=""https://t.co/cJ9Wn8OjfP"">pic.twitter.com/cJ9Wn8OjfP</a></p>&mdash; DOG WAT I SAW (@dogwatisaw) <a href=""https://twitter.com/dogwatisaw/status/821353037088325632"">January 17, 2017</a></blockquote><script async src=""https://platform.twitter.com/widgets.js"" charset=""utf-8""></script>",Curly doggo with a light up collar. Guide us home safe!,https://t.co/cJ9Wn8OjfP,Kungsportsplaten,Gothenburg,Sweden
The floofiest Pom - 4:12pm Avenyn https://t.co/FLpjXWs9vF,FALSE,257,NA,16/01/2017 12:36,FALSE,NA,8.21E+17,NA,"<a href=""https://ifttt.com"" rel=""nofollow"">IFTTT</a>",dogwatisaw,63,FALSE,FALSE,11.9747463,57.7006315,"<blockquote class=""twitter-tweet""><p lang=""en"" dir=""ltr"">The floofiest Pom - 4:12pm Avenyn <a href=""https://t.co/FLpjXWs9vF"">pic.twitter.com/FLpjXWs9vF</a></p>&mdash; DOG WAT I SAW (@dogwatisaw) <a href=""https://twitter.com/dogwatisaw/status/820972874890674176"">January 16, 2017</a></blockquote><script async src=""https://platform.twitter.com/widgets.js"" charset=""utf-8""></script>",The floofiest Pom,https://t.co/FLpjXWs9vF,Avenyn,Gothenburg,Sweden
Very sideways sausage. What you smells pup pup? - 2:33pm Avenyn https://t.co/9ZcblX2zlt,FALSE,199,NA,15/01/2017 13:49,FALSE,NA,8.21E+17,NA,"<a href=""https://ifttt.com"" rel=""nofollow"">IFTTT</a>",dogwatisaw,29,FALSE,FALSE,11.9747463,57.7006315,"<blockquote class=""twitter-tweet""><p lang=""en"" dir=""ltr"">Very sideways sausage. What you smells pup pup? - 2:33pm Avenyn <a href=""https://t.co/9ZcblX2zlt"">pic.twitter.com/9ZcblX2zlt</a></p>&mdash; DOG WAT I SAW (@dogwatisaw) <a href=""https://twitter.com/dogwatisaw/status/820628927420960768"">January 15, 2017</a></blockquote><script async src=""https://platform.twitter.com/widgets.js"" charset=""utf-8""></script>",Very sideways sausage. What you smells pup pup?,https://t.co/9ZcblX2zlt,Avenyn,Gothenburg,Sweden
Two fur balls waddling through the park - 12:23pm Slottsskogen https://t.co/xMh9pAxBSx,FALSE,191,NA,14/01/2017 13:10,FALSE,NA,8.20E+17,NA,"<a href=""https://ifttt.com"" rel=""nofollow"">IFTTT</a>",dogwatisaw,43,FALSE,FALSE,11.9485762,57.685996,"<blockquote class=""twitter-tweet""><p lang=""en"" dir=""ltr"">Two fur balls waddling through the park - 12:23pm Slottsskogen <a href=""https://t.co/xMh9pAxBSx"">pic.twitter.com/xMh9pAxBSx</a></p>&mdash; DOG WAT I SAW (@dogwatisaw) <a href=""https://twitter.com/dogwatisaw/status/820256696383762432"">January 14, 2017</a></blockquote><script async src=""https://platform.twitter.com/widgets.js"" charset=""utf-8""></script>",Two fur balls waddling through the park,https://t.co/xMh9pAxBSx,Slottsskogen,Gothenburg,Sweden
Baller - 12:06pm Regnbågsgatan https://t.co/fh0XmBHXU3,FALSE,60,NA,13/01/2017 21:10,FALSE,NA,8.20E+17,NA,"<a href=""https://ifttt.com"" rel=""nofollow"">IFTTT</a>",dogwatisaw,10,FALSE,FALSE,11.9447951,57.7102694,"<blockquote class=""twitter-tweet""><p lang=""sv"" dir=""ltr"">Baller - 12:06pm Regnbågsgatan <a href=""https://t.co/fh0XmBHXU3"">pic.twitter.com/fh0XmBHXU3</a></p>&mdash; DOG WAT I SAW (@dogwatisaw) <a href=""https://twitter.com/dogwatisaw/status/820015246660272128"">January 13, 2017</a></blockquote><script async src=""https://platform.twitter.com/widgets.js"" charset=""utf-8""></script>",Baller,https://t.co/fh0XmBHXU3,Regnbagsgatan,Gothenburg,Sweden
Very handsome boy sitting quietly on the bus - 6:08pm Number 16 https://t.co/6KvKj9Ve2x,FALSE,206,NA,12/01/2017 12:53,FALSE,NA,8.20E+17,NA,"<a href=""https://ifttt.com"" rel=""nofollow"">IFTTT</a>",dogwatisaw,36,FALSE,FALSE,11.9670458,57.7129718,"<blockquote class=""twitter-tweet""><p lang=""en"" dir=""ltr"">Very handsome boy sitting quietly on the bus - 6:08pm Number 16 <a href=""https://t.co/6KvKj9Ve2x"">pic.twitter.com/6KvKj9Ve2x</a></p>&mdash; DOG WAT I SAW (@dogwatisaw) <a href=""https://twitter.com/dogwatisaw/status/819527773530288128"">January 12, 2017</a></blockquote><script async src=""https://platform.twitter.com/widgets.js"" charset=""utf-8""></script>",Very handsome boy sitting quietly on the bus,https://t.co/6KvKj9Ve2x,Number 16 Bus,Gothenburg,Sweden
Curly pup going shopping. Hope you find something in the sales! - 8:22pm Åhléns City https://t.co/YXzzwUPESk,FALSE,144,NA,11/01/2017 12:47,FALSE,NA,8.19E+17,NA,"<a href=""https://ifttt.com"" rel=""nofollow"">IFTTT</a>",dogwatisaw,27,FALSE,FALSE,11.9685322,57.7090003,"<blockquote class=""twitter-tweet""><p lang=""en"" dir=""ltr"">Curly pup going shopping. Hope you find something in the sales! - 8:22pm Åhléns City <a href=""https://t.co/YXzzwUPESk"">pic.twitter.com/YXzzwUPESk</a></p>&mdash; DOG WAT I SAW (@dogwatisaw) <a href=""https://twitter.com/dogwatisaw/status/819163816957251585"">January 11, 2017</a></blockquote><script async src=""https://platform.twitter.com/widgets.js"" charset=""utf-8""></script>",Curly pup going shopping. Hope you find something in the sales!,https://t.co/YXzzwUPESk,Ahlens City,Gothenburg,Sweden
Tiny boy with big ears - 6:41pm Charles Felix Lindbergs Plats https://t.co/RUBGB31VpX,FALSE,153,NA,10/01/2017 20:28,FALSE,NA,8.19E+17,NA,"<a href=""https://ifttt.com"" rel=""nofollow"">IFTTT</a>",dogwatisaw,26,FALSE,FALSE,11.9729752,57.7025139,"<blockquote class=""twitter-tweet""><p lang=""en"" dir=""ltr"">Tiny boy with big ears - 6:41pm Charles Felix Lindbergs Plats <a href=""https://t.co/RUBGB31VpX"">pic.twitter.com/RUBGB31VpX</a></p>&mdash; DOG WAT I SAW (@dogwatisaw) <a href=""https://twitter.com/dogwatisaw/status/818917466860613632"">January 10, 2017</a></blockquote><script async src=""https://platform.twitter.com/widgets.js"" charset=""utf-8""></script>",Tiny boy with big ears,https://t.co/RUBGB31VpX,Charles Felix Lindbergs Plats,Gothenburg,Sweden
Scruffy pupper getting on the boat - 9:03am Lindholmspiren https://t.co/M3xyZSBDQb,FALSE,125,NA,09/01/2017 23:29,FALSE,NA,8.19E+17,NA,"<a href=""https://ifttt.com"" rel=""nofollow"">IFTTT</a>",dogwatisaw,21,FALSE,FALSE,11.9406987,57.7075314,"<blockquote class=""twitter-tweet""><p lang=""en"" dir=""ltr"">Scruffy pupper getting on the boat - 9:03am Lindholmspiren <a href=""https://t.co/M3xyZSBDQb"">pic.twitter.com/M3xyZSBDQb</a></p>&mdash; DOG WAT I SAW (@dogwatisaw) <a href=""https://twitter.com/dogwatisaw/status/818600497569558528"">January 9, 2017</a></blockquote><script async src=""https://platform.twitter.com/widgets.js"" charset=""utf-8""></script>",Scruffy pupper getting on the boat,https://t.co/M3xyZSBDQb,Lindholmspiren,Gothenburg,Sweden
"Pupper making yellow snow - 9:03am Humdfjället, Sälen https://t.co/PXXSnePefK",FALSE,86,NA,08/01/2017 21:43,FALSE,NA,8.18E+17,NA,"<a href=""https://ifttt.com"" rel=""nofollow"">IFTTT</a>",dogwatisaw,11,FALSE,FALSE,12.9671878,61.1759707,"<blockquote class=""twitter-tweet""><p lang=""sv"" dir=""ltr"">Pupper making yellow snow - 9:03am Humdfjället, Sälen <a href=""https://t.co/PXXSnePefK"">pic.twitter.com/PXXSnePefK</a></p>&mdash; DOG WAT I SAW (@dogwatisaw) <a href=""https://twitter.com/dogwatisaw/status/818211439387230208"">January 8, 2017</a></blockquote><script async src=""https://platform.twitter.com/widgets.js"" charset=""utf-8""></script>",Pupper making yellow snow,https://t.co/PXXSnePefK,Hundfjallet,Salen,Sweden
Solid woofer doing a tug - 10:49am Trysil https://t.co/Wi4fQp0WmS,FALSE,151,NA,07/01/2017 18:13,FALSE,NA,8.18E+17,NA,"<a href=""https://ifttt.com"" rel=""nofollow"">IFTTT</a>",dogwatisaw,25,FALSE,FALSE,12.2598392,61.3169004,"<blockquote class=""twitter-tweet""><p lang=""en"" dir=""ltr"">Solid woofer doing a tug - 10:49am Trysil <a href=""https://t.co/Wi4fQp0WmS"">pic.twitter.com/Wi4fQp0WmS</a></p>&mdash; DOG WAT I SAW (@dogwatisaw) <a href=""https://twitter.com/dogwatisaw/status/817796408870846465"">January 7, 2017</a></blockquote><script async src=""https://platform.twitter.com/widgets.js"" charset=""utf-8""></script>",Solid woofer doing a tug,https://t.co/Wi4fQp0WmS,Trysil,Trysil,Norway
Doggo eating snow. Silly doggo that not food! - 4:08pm Sälen https://t.co/WhjOCcTvrq,FALSE,251,NA,06/01/2017 21:59,FALSE,NA,8.17E+17,NA,"<a href=""https://ifttt.com"" rel=""nofollow"">IFTTT</a>",dogwatisaw,44,FALSE,FALSE,13.2630157,61.1613853,"<blockquote class=""twitter-tweet""><p lang=""en"" dir=""ltr"">Doggo eating snow. Silly doggo that not food! - 4:08pm Sälen <a href=""https://t.co/WhjOCcTvrq"">pic.twitter.com/WhjOCcTvrq</a></p>&mdash; DOG WAT I SAW (@dogwatisaw) <a href=""https://twitter.com/dogwatisaw/status/817490874464698368"">January 6, 2017</a></blockquote><script async src=""https://platform.twitter.com/widgets.js"" charset=""utf-8""></script>",Doggo eating snow. Silly doggo that not food!,https://t.co/WhjOCcTvrq,Salen,Salen,Sweden
"Cold, irritated schnauzer trying to avoid the ice <U+2744><U+FE0F> - 8:34am Vasaplatsen https://t.co/5p1CJBza25",FALSE,249,NA,04/01/2017 12:10,FALSE,NA,8.17E+17,NA,"<a href=""https://ifttt.com"" rel=""nofollow"">IFTTT</a>",dogwatisaw,77,FALSE,FALSE,11.9693674,57.6999045,"<blockquote class=""twitter-tweet""><p lang=""en"" dir=""ltr"">Cold, irritated schnauzer trying to avoid the ice <U+2744><U+FE0F> - 8:34am Vasaplatsen <a href=""https://t.co/5p1CJBza25"">pic.twitter.com/5p1CJBza25</a></p>&mdash; DOG WAT I SAW (@dogwatisaw) <a href=""https://twitter.com/dogwatisaw/status/816617794322264066"">January 4, 2017</a></blockquote><script async src=""https://platform.twitter.com/widgets.js"" charset=""utf-8""></script>","Cold, irritated schnauzer trying to avoid the ice <U+2744><U+FE0F>",https://t.co/5p1CJBza25,Vasaplatsen,Gothenburg,Sweden
Two bloody Great Danes - 3:21pm Chalfont St. Giles https://t.co/bE6YtVCc2a,FALSE,170,NA,03/01/2017 12:25,FALSE,NA,8.16E+17,NA,"<a href=""https://ifttt.com"" rel=""nofollow"">IFTTT</a>",dogwatisaw,36,FALSE,FALSE,-0.577213,51.6297828,"<blockquote class=""twitter-tweet""><p lang=""en"" dir=""ltr"">Two bloody Great Danes - 3:21pm Chalfont St. Giles <a href=""https://t.co/bE6YtVCc2a"">pic.twitter.com/bE6YtVCc2a</a></p>&mdash; DOG WAT I SAW (@dogwatisaw) <a href=""https://twitter.com/dogwatisaw/status/816259061826146309"">January 3, 2017</a></blockquote><script async src=""https://platform.twitter.com/widgets.js"" charset=""utf-8""></script>",Two bloody Great Danes,https://t.co/bE6YtVCc2a,Chalfont St. Giles,Chalfont St. Giles,United Kingdom
"The stockiest Scotty dog - Argyl Street, Glasgow https://t.co/5NMDro907j",FALSE,137,NA,02/01/2017 18:27,FALSE,NA,8.16E+17,NA,"<a href=""https://ifttt.com"" rel=""nofollow"">IFTTT</a>",dogwatisaw,25,FALSE,FALSE,-4.2737487,55.8615095,"<blockquote class=""twitter-tweet""><p lang=""en"" dir=""ltr"">The stockiest Scotty dog - Argyl Street, Glasgow <a href=""https://t.co/5NMDro907j"">pic.twitter.com/5NMDro907j</a></p>&mdash; DOG WAT I SAW (@dogwatisaw) <a href=""https://twitter.com/dogwatisaw/status/815987827980849152"">January 2, 2017</a></blockquote><script async src=""https://platform.twitter.com/widgets.js"" charset=""utf-8""></script>",The stockiest Scotty dog,https://t.co/5NMDro907j,Argyll Street,Glasgow,United Kingdom
Podgy boy hesitant to get on the train - 3:10pm Glasgow Central Station https://t.co/GO0kBfV3T5,FALSE,191,NA,01/01/2017 19:03,FALSE,NA,8.16E+17,NA,"<a href=""https://ifttt.com"" rel=""nofollow"">IFTTT</a>",dogwatisaw,40,FALSE,FALSE,-4.2581088,55.8591118,"<blockquote class=""twitter-tweet""><p lang=""en"" dir=""ltr"">Podgy boy hesitant to get on the train - 3:10pm Glasgow Central Station <a href=""https://t.co/GO0kBfV3T5"">pic.twitter.com/GO0kBfV3T5</a></p>&mdash; DOG WAT I SAW (@dogwatisaw) <a href=""https://twitter.com/dogwatisaw/status/815634484078985216"">January 1, 2017</a></blockquote><script async src=""https://platform.twitter.com/widgets.js"" charset=""utf-8""></script>",Podgy boy hesitant to get on the train,https://t.co/GO0kBfV3T5,Glasgow Central Station,Glasgow,United Kingdom
"Two sausages, one with very furry little legs - 1:26pm Euston https://t.co/qdeUKCKTVZ",FALSE,210,NA,31/12/2016 16:39,FALSE,NA,8.15E+17,NA,"<a href=""https://ifttt.com"" rel=""nofollow"">IFTTT</a>",dogwatisaw,42,FALSE,FALSE,-0.1334264,51.5280792,"<blockquote class=""twitter-tweet""><p lang=""en"" dir=""ltr"">Two sausages, one with very furry little legs - 1:26pm Euston <a href=""https://t.co/qdeUKCKTVZ"">pic.twitter.com/qdeUKCKTVZ</a></p>&mdash; DOG WAT I SAW (@dogwatisaw) <a href=""https://twitter.com/dogwatisaw/status/815235888296984576"">December 31, 2016</a></blockquote><script async src=""https://platform.twitter.com/widgets.js"" charset=""utf-8""></script>","Two sausages, one with very furry little legs",https://t.co/qdeUKCKTVZ,Euston,London,United Kingdom
Posh dog on a jog - 9:09am Gerrards Cross https://t.co/zL4KNPo7eD,FALSE,101,NA,30/12/2016 12:44,FALSE,NA,8.15E+17,NA,"<a href=""https://ifttt.com"" rel=""nofollow"">IFTTT</a>",dogwatisaw,12,FALSE,FALSE,-0.5575,51.582362,"<blockquote class=""twitter-tweet""><p lang=""en"" dir=""ltr"">Posh dog on a jog - 9:09am Gerrards Cross <a href=""https://t.co/zL4KNPo7eD"">pic.twitter.com/zL4KNPo7eD</a></p>&mdash; DOG WAT I SAW (@dogwatisaw) <a href=""https://twitter.com/dogwatisaw/status/814814336938115074"">December 30, 2016</a></blockquote><script async src=""https://platform.twitter.com/widgets.js"" charset=""utf-8""></script>",Posh dog on a jog,https://t.co/zL4KNPo7eD,Gerrards Cross,London,United Kingdom
Rat boy in a festive jumper - 4:21pm Elephant &amp; Castle https://t.co/PuFoMYADBe,FALSE,149,NA,29/12/2016 12:24,FALSE,NA,8.14E+17,NA,"<a href=""https://ifttt.com"" rel=""nofollow"">IFTTT</a>",dogwatisaw,21,FALSE,FALSE,-122.6966593,45.5239473,"<blockquote class=""twitter-tweet""><p lang=""en"" dir=""ltr"">Rat boy in a festive jumper - 4:21pm Elephant &amp; Castle <a href=""https://t.co/PuFoMYADBe"">pic.twitter.com/PuFoMYADBe</a></p>&mdash; DOG WAT I SAW (@dogwatisaw) <a href=""https://twitter.com/dogwatisaw/status/814447025592922112"">December 29, 2016</a></blockquote><script async src=""https://platform.twitter.com/widgets.js"" charset=""utf-8""></script>",Rat boy in a festive jumper,https://t.co/PuFoMYADBe,Elephant & Castle,London,United Kingdom
Very tiny distant cold pupper - 4:04pm Roupell Street https://t.co/xIDL3Uz1gO,FALSE,141,NA,28/12/2016 13:29,FALSE,NA,8.14E+17,NA,"<a href=""https://ifttt.com"" rel=""nofollow"">IFTTT</a>",dogwatisaw,26,FALSE,FALSE,-0.108241,51.5047017,"<blockquote class=""twitter-tweet""><p lang=""en"" dir=""ltr"">Very tiny distant cold pupper - 4:04pm Roupell Street <a href=""https://t.co/xIDL3Uz1gO"">pic.twitter.com/xIDL3Uz1gO</a></p>&mdash; DOG WAT I SAW (@dogwatisaw) <a href=""https://twitter.com/dogwatisaw/status/814101040803024897"">December 28, 2016</a></blockquote><script async src=""https://platform.twitter.com/widgets.js"" charset=""utf-8""></script>",Very tiny distant cold pupper,https://t.co/xIDL3Uz1gO,Roupell Street,London,United Kingdom
Golden retriever waiting for tummy rubs - 10:26pm Göteborg Landvetter Airport https://t.co/Zu4cm82NTn,FALSE,178,NA,27/12/2016 13:01,FALSE,NA,8.14E+17,NA,"<a href=""https://ifttt.com"" rel=""nofollow"">IFTTT</a>",dogwatisaw,46,FALSE,FALSE,12.292314,57.668799,"<blockquote class=""twitter-tweet""><p lang=""da"" dir=""ltr"">Golden retriever waiting for tummy rubs - 10:26pm Göteborg Landvetter Airport <a href=""https://t.co/Zu4cm82NTn"">pic.twitter.com/Zu4cm82NTn</a></p>&mdash; DOG WAT I SAW (@dogwatisaw) <a href=""https://twitter.com/dogwatisaw/status/813731523308429312"">December 27, 2016</a></blockquote><script async src=""https://platform.twitter.com/widgets.js"" charset=""utf-8""></script>",Golden retriever waiting for tummy rubs,https://t.co/Zu4cm82NTn,Goteborg Landvetter Airport,Gothenburg,Sweden
Blonde boxing day boofer boy - 2:35pm Hillingdon Outdoor Activity Centre https://t.co/7P1Cgnsoj1,FALSE,129,NA,26/12/2016 16:34,FALSE,NA,8.13E+17,NA,"<a href=""https://ifttt.com"" rel=""nofollow"">IFTTT</a>",dogwatisaw,16,FALSE,FALSE,-0.4791863,51.5792077,"<blockquote class=""twitter-tweet""><p lang=""en"" dir=""ltr"">Blonde boxing day boofer boy - 2:35pm Hillingdon Outdoor Activity Centre <a href=""https://t.co/7P1Cgnsoj1"">pic.twitter.com/7P1Cgnsoj1</a></p>&mdash; DOG WAT I SAW (@dogwatisaw) <a href=""https://twitter.com/dogwatisaw/status/813422714815971328"">December 26, 2016</a></blockquote><script async src=""https://platform.twitter.com/widgets.js"" charset=""utf-8""></script>",Blonde boxing day boofer boy,https://t.co/7P1Cgnsoj1,Hillingdon Outdoor Activity Centre,Harefield,United Kingdom
Greying border terrier getting stuff done - 12:23pm Lindholmen https://t.co/C5mSGyZri8,FALSE,136,NA,24/12/2016 14:04,FALSE,NA,8.13E+17,NA,"<a href=""https://ifttt.com"" rel=""nofollow"">IFTTT</a>",dogwatisaw,16,FALSE,FALSE,11.9382865,57.7077599,"<blockquote class=""twitter-tweet""><p lang=""en"" dir=""ltr"">Greying border terrier getting stuff done - 12:23pm Lindholmen <a href=""https://t.co/C5mSGyZri8"">pic.twitter.com/C5mSGyZri8</a></p>&mdash; DOG WAT I SAW (@dogwatisaw) <a href=""https://twitter.com/dogwatisaw/status/812660232430174212"">December 24, 2016</a></blockquote><script async src=""https://platform.twitter.com/widgets.js"" charset=""utf-8""></script>",Greying border terrier getting stuff done,https://t.co/C5mSGyZri8,Lindholmen,Gothenburg,Sweden
Strange rubber water doggo that honked and <U+2764><U+FE0F> fish - 2:05pm Slottsskogen https://t.co/71A60NbhEP,FALSE,228,NA,23/12/2016 14:07,FALSE,NA,8.12E+17,NA,"<a href=""https://ifttt.com"" rel=""nofollow"">IFTTT</a>",dogwatisaw,59,FALSE,FALSE,11.9485762,57.685996,"<blockquote class=""twitter-tweet""><p lang=""en"" dir=""ltr"">Strange rubber water doggo that honked and <U+2764><U+FE0F> fish - 2:05pm Slottsskogen <a href=""https://t.co/71A60NbhEP"">pic.twitter.com/71A60NbhEP</a></p>&mdash; DOG WAT I SAW (@dogwatisaw) <a href=""https://twitter.com/dogwatisaw/status/812298654459592704"">December 23, 2016</a></blockquote><script async src=""https://platform.twitter.com/widgets.js"" charset=""utf-8""></script>",Strange rubber water doggo that honked and <U+2764><U+FE0F> fish,https://t.co/71A60NbhEP,Slottsskogen,Gothenburg,Sweden
Smol floof - 6:47pm Västra Hamngatan https://t.co/muQmByqISt,FALSE,104,NA,22/12/2016 14:10,FALSE,NA,8.12E+17,NA,"<a href=""https://ifttt.com"" rel=""nofollow"">IFTTT</a>",dogwatisaw,28,FALSE,FALSE,11.9639249,57.704057,"<blockquote class=""twitter-tweet""><p lang=""et"" dir=""ltr"">Smol floof - 6:47pm Västra Hamngatan <a href=""https://t.co/muQmByqISt"">pic.twitter.com/muQmByqISt</a></p>&mdash; DOG WAT I SAW (@dogwatisaw) <a href=""https://twitter.com/dogwatisaw/status/811936867969015808"">December 22, 2016</a></blockquote><script async src=""https://platform.twitter.com/widgets.js"" charset=""utf-8""></script>",Smol floof,https://t.co/muQmByqISt,Vastra Hamngatan,Gothenburg,Sweden
